research_question,task,dataset,split_manifest,budget,init,model,condition,generator,synthetic_ratio,seed,runs_root,run,status,train_minutes,peak_memory_mb
RQ2,classification,CIFAR-100,src/component/configs/splits/cifar100.json,5,pretrained,resnet50,real_only,,0,0,stage1-pretrained,pretrained_resnet50_real_only_b5_s0,done,3.214,5877.7573
RQ2,classification,CIFAR-100,src/component/configs/splits/cifar100.json,5,pretrained,resnet50,real_only,,0,1,stage1-pretrained,pretrained_resnet50_real_only_b5_s1,done,3.1934,5877.7573
RQ2,classification,CIFAR-100,src/component/configs/splits/cifar100.json,5,pretrained,resnet50,real_only,,0,2,stage1-pretrained,pretrained_resnet50_real_only_b5_s2,done,3.195,5877.7573
RQ2,classification,CIFAR-100,src/component/configs/splits/cifar100.json,10,pretrained,resnet50,real_only,,0,0,stage1-pretrained,pretrained_resnet50_real_only_b10_s0,done,3.9193,5877.7573
RQ2,classification,CIFAR-100,src/component/configs/splits/cifar100.json,10,pretrained,resnet50,real_only,,0,1,stage1-pretrained,pretrained_resnet50_real_only_b10_s1,done,3.9213,5877.7573
RQ2,classification,CIFAR-100,src/component/configs/splits/cifar100.json,10,pretrained,resnet50,real_only,,0,2,stage1-pretrained,pretrained_resnet50_real_only_b10_s2,done,3.9198,5877.7573
RQ2,classification,CIFAR-100,src/component/configs/splits/cifar100.json,20,pretrained,resnet50,real_only,,0,0,stage1-pretrained,pretrained_resnet50_real_only_b20_s0,done,4.6461,5877.7573
RQ2,classification,CIFAR-100,src/component/configs/splits/cifar100.json,20,pretrained,resnet50,real_only,,0,1,stage1-pretrained,pretrained_resnet50_real_only_b20_s1,done,4.6496,5877.7573
RQ2,classification,CIFAR-100,src/component/configs/splits/cifar100.json,20,pretrained,resnet50,real_only,,0,2,stage1-pretrained,pretrained_resnet50_real_only_b20_s2,done,4.6465,5877.7573
RQ2,classification,CIFAR-100,src/component/configs/splits/cifar100.json,50,pretrained,resnet50,real_only,,0,0,stage1-pretrained,pretrained_resnet50_real_only_b50_s0,done,6.4653,5877.7573
RQ2,classification,CIFAR-100,src/component/configs/splits/cifar100.json,50,pretrained,resnet50,real_only,,0,1,stage1-pretrained,pretrained_resnet50_real_only_b50_s1,done,6.4667,5877.7573
RQ2,classification,CIFAR-100,src/component/configs/splits/cifar100.json,50,pretrained,resnet50,real_only,,0,2,stage1-pretrained,pretrained_resnet50_real_only_b50_s2,done,6.465,5877.7573
RQ2,classification,CIFAR-100,src/component/configs/splits/cifar100.json,full,pretrained,resnet50,real_only,,0,0,stage1-pretrained,pretrained_resnet50_real_only_bfull_s0,done,22.8298,5877.7573
RQ2,classification,CIFAR-100,src/component/configs/splits/cifar100.json,full,pretrained,resnet50,real_only,,0,1,stage1-pretrained,pretrained_resnet50_real_only_bfull_s1,done,22.8307,5877.7573
RQ2,classification,CIFAR-100,src/component/configs/splits/cifar100.json,full,pretrained,resnet50,real_only,,0,2,stage1-pretrained,pretrained_resnet50_real_only_bfull_s2,done,22.8253,5877.7573
RQ2,classification,CIFAR-100,src/component/configs/splits/cifar100.json,5,pretrained,resnet50,randaugment,,0,0,stage1-pretrained,pretrained_resnet50_randaugment_b5_s0,done,3.2241,5877.7573
RQ2,classification,CIFAR-100,src/component/configs/splits/cifar100.json,5,pretrained,resnet50,randaugment,,0,1,stage1-pretrained,pretrained_resnet50_randaugment_b5_s1,done,3.2249,5877.7573
RQ2,classification,CIFAR-100,src/component/configs/splits/cifar100.json,5,pretrained,resnet50,randaugment,,0,2,stage1-pretrained,pretrained_resnet50_randaugment_b5_s2,done,3.2243,5877.7573
RQ2,classification,CIFAR-100,src/component/configs/splits/cifar100.json,10,pretrained,resnet50,randaugment,,0,0,stage1-pretrained,pretrained_resnet50_randaugment_b10_s0,done,3.9524,5877.7573
RQ2,classification,CIFAR-100,src/component/configs/splits/cifar100.json,10,pretrained,resnet50,randaugment,,0,1,stage1-pretrained,pretrained_resnet50_randaugment_b10_s1,done,3.9532,5877.7573
RQ2,classification,CIFAR-100,src/component/configs/splits/cifar100.json,10,pretrained,resnet50,randaugment,,0,2,stage1-pretrained,pretrained_resnet50_randaugment_b10_s2,done,3.9527,5877.7573
RQ2,classification,CIFAR-100,src/component/configs/splits/cifar100.json,20,pretrained,resnet50,randaugment,,0,0,stage1-pretrained,pretrained_resnet50_randaugment_b20_s0,done,4.6798,5877.7573
RQ2,classification,CIFAR-100,src/component/configs/splits/cifar100.json,20,pretrained,resnet50,randaugment,,0,1,stage1-pretrained,pretrained_resnet50_randaugment_b20_s1,done,4.6809,5877.7573
RQ2,classification,CIFAR-100,src/component/configs/splits/cifar100.json,20,pretrained,resnet50,randaugment,,0,2,stage1-pretrained,pretrained_resnet50_randaugment_b20_s2,done,4.6783,5877.7573
RQ2,classification,CIFAR-100,src/component/configs/splits/cifar100.json,50,pretrained,resnet50,randaugment,,0,0,stage1-pretrained,pretrained_resnet50_randaugment_b50_s0,done,6.4994,5877.7573
RQ2,classification,CIFAR-100,src/component/configs/splits/cifar100.json,50,pretrained,resnet50,randaugment,,0,1,stage1-pretrained,pretrained_resnet50_randaugment_b50_s1,done,6.5006,5877.7573
RQ2,classification,CIFAR-100,src/component/configs/splits/cifar100.json,50,pretrained,resnet50,randaugment,,0,2,stage1-pretrained,pretrained_resnet50_randaugment_b50_s2,done,6.4979,5877.7573
RQ2,classification,CIFAR-100,src/component/configs/splits/cifar100.json,full,pretrained,resnet50,randaugment,,0,0,stage1-pretrained,pretrained_resnet50_randaugment_bfull_s0,done,22.862,5877.7573
RQ2,classification,CIFAR-100,src/component/configs/splits/cifar100.json,full,pretrained,resnet50,randaugment,,0,1,stage1-pretrained,pretrained_resnet50_randaugment_bfull_s1,done,22.8632,5877.7573
RQ2,classification,CIFAR-100,src/component/configs/splits/cifar100.json,full,pretrained,resnet50,randaugment,,0,2,stage1-pretrained,pretrained_resnet50_randaugment_bfull_s2,done,22.8625,5877.7573
"RQ2, RQ4",classification,CIFAR-100,src/component/configs/splits/cifar100.json,5,pretrained,resnet50,sd_prompt,sd_prompt,1:1,0,stage1-pretrained,pretrained_resnet50_sd_prompt_b5_s0,done,3.2301,5877.7573
"RQ2, RQ4",classification,CIFAR-100,src/component/configs/splits/cifar100.json,5,pretrained,resnet50,sd_prompt,sd_prompt,1:1,1,stage1-pretrained,pretrained_resnet50_sd_prompt_b5_s1,done,3.2284,5877.7573
"RQ2, RQ4",classification,CIFAR-100,src/component/configs/splits/cifar100.json,5,pretrained,resnet50,sd_prompt,sd_prompt,1:1,2,stage1-pretrained,pretrained_resnet50_sd_prompt_b5_s2,done,3.233,5877.7573
"RQ2, RQ4",classification,CIFAR-100,src/component/configs/splits/cifar100.json,10,pretrained,resnet50,sd_prompt,sd_prompt,1:1,0,stage1-pretrained,pretrained_resnet50_sd_prompt_b10_s0,done,3.9557,5877.7573
"RQ2, RQ4",classification,CIFAR-100,src/component/configs/splits/cifar100.json,10,pretrained,resnet50,sd_prompt,sd_prompt,1:1,1,stage1-pretrained,pretrained_resnet50_sd_prompt_b10_s1,done,3.9551,5877.7573
"RQ2, RQ4",classification,CIFAR-100,src/component/configs/splits/cifar100.json,10,pretrained,resnet50,sd_prompt,sd_prompt,1:1,2,stage1-pretrained,pretrained_resnet50_sd_prompt_b10_s2,done,3.9593,5877.7573
"RQ2, RQ4",classification,CIFAR-100,src/component/configs/splits/cifar100.json,20,pretrained,resnet50,sd_prompt,sd_prompt,1:1,0,stage1-pretrained,pretrained_resnet50_sd_prompt_b20_s0,done,4.6837,5877.7573
"RQ2, RQ4",classification,CIFAR-100,src/component/configs/splits/cifar100.json,20,pretrained,resnet50,sd_prompt,sd_prompt,1:1,1,stage1-pretrained,pretrained_resnet50_sd_prompt_b20_s1,done,4.6825,5877.7573
"RQ2, RQ4",classification,CIFAR-100,src/component/configs/splits/cifar100.json,20,pretrained,resnet50,sd_prompt,sd_prompt,1:1,2,stage1-pretrained,pretrained_resnet50_sd_prompt_b20_s2,done,4.6864,5877.7573
"RQ2, RQ4",classification,CIFAR-100,src/component/configs/splits/cifar100.json,50,pretrained,resnet50,sd_prompt,sd_prompt,1:1,0,stage1-pretrained,pretrained_resnet50_sd_prompt_b50_s0,done,6.5022,5877.7573
"RQ2, RQ4",classification,CIFAR-100,src/component/configs/splits/cifar100.json,50,pretrained,resnet50,sd_prompt,sd_prompt,1:1,1,stage1-pretrained,pretrained_resnet50_sd_prompt_b50_s1,done,6.4969,5877.7573
"RQ2, RQ4",classification,CIFAR-100,src/component/configs/splits/cifar100.json,50,pretrained,resnet50,sd_prompt,sd_prompt,1:1,2,stage1-pretrained,pretrained_resnet50_sd_prompt_b50_s2,done,6.5045,5877.7573
"RQ2, RQ4",classification,CIFAR-100,src/component/configs/splits/cifar100.json,full,pretrained,resnet50,sd_prompt,sd_prompt,1:1,0,stage1-pretrained,pretrained_resnet50_sd_prompt_bfull_s0,done,22.8409,5877.7573
"RQ2, RQ4",classification,CIFAR-100,src/component/configs/splits/cifar100.json,full,pretrained,resnet50,sd_prompt,sd_prompt,1:1,1,stage1-pretrained,pretrained_resnet50_sd_prompt_bfull_s1,done,22.836,5877.7573
"RQ2, RQ4",classification,CIFAR-100,src/component/configs/splits/cifar100.json,full,pretrained,resnet50,sd_prompt,sd_prompt,1:1,2,stage1-pretrained,pretrained_resnet50_sd_prompt_bfull_s2,done,22.8424,5877.7573
"RQ2, RQ4",classification,CIFAR-100,src/component/configs/splits/cifar100.json,5,pretrained,resnet50,sd_prompt_randaugment,sd_prompt,1:1,0,stage1-pretrained,pretrained_resnet50_sd_prompt_randaugment_b5_s0,planned,,
"RQ2, RQ4",classification,CIFAR-100,src/component/configs/splits/cifar100.json,5,pretrained,resnet50,sd_prompt_randaugment,sd_prompt,1:1,1,stage1-pretrained,pretrained_resnet50_sd_prompt_randaugment_b5_s1,planned,,
"RQ2, RQ4",classification,CIFAR-100,src/component/configs/splits/cifar100.json,5,pretrained,resnet50,sd_prompt_randaugment,sd_prompt,1:1,2,stage1-pretrained,pretrained_resnet50_sd_prompt_randaugment_b5_s2,planned,,
"RQ2, RQ4",classification,CIFAR-100,src/component/configs/splits/cifar100.json,10,pretrained,resnet50,sd_prompt_randaugment,sd_prompt,1:1,0,stage1-pretrained,pretrained_resnet50_sd_prompt_randaugment_b10_s0,planned,,
"RQ2, RQ4",classification,CIFAR-100,src/component/configs/splits/cifar100.json,10,pretrained,resnet50,sd_prompt_randaugment,sd_prompt,1:1,1,stage1-pretrained,pretrained_resnet50_sd_prompt_randaugment_b10_s1,planned,,
"RQ2, RQ4",classification,CIFAR-100,src/component/configs/splits/cifar100.json,10,pretrained,resnet50,sd_prompt_randaugment,sd_prompt,1:1,2,stage1-pretrained,pretrained_resnet50_sd_prompt_randaugment_b10_s2,planned,,
"RQ2, RQ4",classification,CIFAR-100,src/component/configs/splits/cifar100.json,20,pretrained,resnet50,sd_prompt_randaugment,sd_prompt,1:1,0,stage1-pretrained,pretrained_resnet50_sd_prompt_randaugment_b20_s0,planned,,
"RQ2, RQ4",classification,CIFAR-100,src/component/configs/splits/cifar100.json,20,pretrained,resnet50,sd_prompt_randaugment,sd_prompt,1:1,1,stage1-pretrained,pretrained_resnet50_sd_prompt_randaugment_b20_s1,planned,,
"RQ2, RQ4",classification,CIFAR-100,src/component/configs/splits/cifar100.json,20,pretrained,resnet50,sd_prompt_randaugment,sd_prompt,1:1,2,stage1-pretrained,pretrained_resnet50_sd_prompt_randaugment_b20_s2,planned,,
"RQ2, RQ4",classification,CIFAR-100,src/component/configs/splits/cifar100.json,50,pretrained,resnet50,sd_prompt_randaugment,sd_prompt,1:1,0,stage1-pretrained,pretrained_resnet50_sd_prompt_randaugment_b50_s0,planned,,
"RQ2, RQ4",classification,CIFAR-100,src/component/configs/splits/cifar100.json,50,pretrained,resnet50,sd_prompt_randaugment,sd_prompt,1:1,1,stage1-pretrained,pretrained_resnet50_sd_prompt_randaugment_b50_s1,planned,,
"RQ2, RQ4",classification,CIFAR-100,src/component/configs/splits/cifar100.json,50,pretrained,resnet50,sd_prompt_randaugment,sd_prompt,1:1,2,stage1-pretrained,pretrained_resnet50_sd_prompt_randaugment_b50_s2,planned,,
"RQ2, RQ4",classification,CIFAR-100,src/component/configs/splits/cifar100.json,full,pretrained,resnet50,sd_prompt_randaugment,sd_prompt,1:1,0,stage1-pretrained,pretrained_resnet50_sd_prompt_randaugment_bfull_s0,planned,,
"RQ2, RQ4",classification,CIFAR-100,src/component/configs/splits/cifar100.json,full,pretrained,resnet50,sd_prompt_randaugment,sd_prompt,1:1,1,stage1-pretrained,pretrained_resnet50_sd_prompt_randaugment_bfull_s1,planned,,
"RQ2, RQ4",classification,CIFAR-100,src/component/configs/splits/cifar100.json,full,pretrained,resnet50,sd_prompt_randaugment,sd_prompt,1:1,2,stage1-pretrained,pretrained_resnet50_sd_prompt_randaugment_bfull_s2,planned,,
"RQ2, RQ4",classification,CIFAR-100,src/component/configs/splits/cifar100.json,5,pretrained,resnet50,sd_lora,lora_sd_b5,1:1,0,stage1-pretrained,pretrained_resnet50_sd_lora_b5_s0,done,3.2344,5877.7573
"RQ2, RQ4",classification,CIFAR-100,src/component/configs/splits/cifar100.json,5,pretrained,resnet50,sd_lora,lora_sd_b5,1:1,1,stage1-pretrained,pretrained_resnet50_sd_lora_b5_s1,done,3.2328,5877.7573
"RQ2, RQ4",classification,CIFAR-100,src/component/configs/splits/cifar100.json,5,pretrained,resnet50,sd_lora,lora_sd_b5,1:1,2,stage1-pretrained,pretrained_resnet50_sd_lora_b5_s2,done,3.2327,5877.7573
"RQ2, RQ4",classification,CIFAR-100,src/component/configs/splits/cifar100.json,10,pretrained,resnet50,sd_lora,lora_sd_b10,1:1,0,stage1-pretrained,pretrained_resnet50_sd_lora_b10_s0,done,3.9618,5877.7573
"RQ2, RQ4",classification,CIFAR-100,src/component/configs/splits/cifar100.json,10,pretrained,resnet50,sd_lora,lora_sd_b10,1:1,1,stage1-pretrained,pretrained_resnet50_sd_lora_b10_s1,done,3.9605,5877.7573
"RQ2, RQ4",classification,CIFAR-100,src/component/configs/splits/cifar100.json,10,pretrained,resnet50,sd_lora,lora_sd_b10,1:1,2,stage1-pretrained,pretrained_resnet50_sd_lora_b10_s2,done,3.9599,5877.7573
"RQ2, RQ4",classification,CIFAR-100,src/component/configs/splits/cifar100.json,20,pretrained,resnet50,sd_lora,lora_sd_b20,1:1,0,stage1-pretrained,pretrained_resnet50_sd_lora_b20_s0,done,4.6888,5877.7573
"RQ2, RQ4",classification,CIFAR-100,src/component/configs/splits/cifar100.json,20,pretrained,resnet50,sd_lora,lora_sd_b20,1:1,1,stage1-pretrained,pretrained_resnet50_sd_lora_b20_s1,done,4.6883,5877.7573
"RQ2, RQ4",classification,CIFAR-100,src/component/configs/splits/cifar100.json,20,pretrained,resnet50,sd_lora,lora_sd_b20,1:1,2,stage1-pretrained,pretrained_resnet50_sd_lora_b20_s2,done,4.6873,5877.7573
"RQ2, RQ4",classification,CIFAR-100,src/component/configs/splits/cifar100.json,50,pretrained,resnet50,sd_lora,lora_sd_b50,1:1,0,stage1-pretrained,pretrained_resnet50_sd_lora_b50_s0,done,6.5077,5877.7573
"RQ2, RQ4",classification,CIFAR-100,src/component/configs/splits/cifar100.json,50,pretrained,resnet50,sd_lora,lora_sd_b50,1:1,1,stage1-pretrained,pretrained_resnet50_sd_lora_b50_s1,done,6.5069,5877.7573
"RQ2, RQ4",classification,CIFAR-100,src/component/configs/splits/cifar100.json,50,pretrained,resnet50,sd_lora,lora_sd_b50,1:1,2,stage1-pretrained,pretrained_resnet50_sd_lora_b50_s2,done,6.5059,5877.7573
"RQ2, RQ4",classification,CIFAR-100,src/component/configs/splits/cifar100.json,full,pretrained,resnet50,sd_lora,lora_sd_bfull,1:1,0,stage1-pretrained,pretrained_resnet50_sd_lora_bfull_s0,done,22.8476,5877.7573
"RQ2, RQ4",classification,CIFAR-100,src/component/configs/splits/cifar100.json,full,pretrained,resnet50,sd_lora,lora_sd_bfull,1:1,1,stage1-pretrained,pretrained_resnet50_sd_lora_bfull_s1,done,22.8441,5877.7573
"RQ2, RQ4",classification,CIFAR-100,src/component/configs/splits/cifar100.json,full,pretrained,resnet50,sd_lora,lora_sd_bfull,1:1,2,stage1-pretrained,pretrained_resnet50_sd_lora_bfull_s2,done,22.8423,5877.7573
RQ2,classification,CIFAR-100,src/component/configs/splits/cifar100.json,5,pretrained,vit_b_16,real_only,,0,0,stage1-pretrained,pretrained_vit_b_16_real_only_b5_s0,done,6.4337,9912.4653
RQ2,classification,CIFAR-100,src/component/configs/splits/cifar100.json,5,pretrained,vit_b_16,real_only,,0,1,stage1-pretrained,pretrained_vit_b_16_real_only_b5_s1,done,6.4365,9912.4653
RQ2,classification,CIFAR-100,src/component/configs/splits/cifar100.json,5,pretrained,vit_b_16,real_only,,0,2,stage1-pretrained,pretrained_vit_b_16_real_only_b5_s2,done,6.4324,9912.4653
RQ2,classification,CIFAR-100,src/component/configs/splits/cifar100.json,10,pretrained,vit_b_16,real_only,,0,0,stage1-pretrained,pretrained_vit_b_16_real_only_b10_s0,done,7.9268,9912.4653
RQ2,classification,CIFAR-100,src/component/configs/splits/cifar100.json,10,pretrained,vit_b_16,real_only,,0,1,stage1-pretrained,pretrained_vit_b_16_real_only_b10_s1,done,7.9282,9912.4653
RQ2,classification,CIFAR-100,src/component/configs/splits/cifar100.json,10,pretrained,vit_b_16,real_only,,0,2,stage1-pretrained,pretrained_vit_b_16_real_only_b10_s2,done,7.9246,9912.4653
RQ2,classification,CIFAR-100,src/component/configs/splits/cifar100.json,20,pretrained,vit_b_16,real_only,,0,0,stage1-pretrained,pretrained_vit_b_16_real_only_b20_s0,done,9.4194,9912.4653
RQ2,classification,CIFAR-100,src/component/configs/splits/cifar100.json,20,pretrained,vit_b_16,real_only,,0,1,stage1-pretrained,pretrained_vit_b_16_real_only_b20_s1,done,9.4213,9912.4653
RQ2,classification,CIFAR-100,src/component/configs/splits/cifar100.json,20,pretrained,vit_b_16,real_only,,0,2,stage1-pretrained,pretrained_vit_b_16_real_only_b20_s2,done,9.416,9912.4653
RQ2,classification,CIFAR-100,src/component/configs/splits/cifar100.json,50,pretrained,vit_b_16,real_only,,0,0,stage1-pretrained,pretrained_vit_b_16_real_only_b50_s0,done,13.1509,9912.4653
RQ2,classification,CIFAR-100,src/component/configs/splits/cifar100.json,50,pretrained,vit_b_16,real_only,,0,1,stage1-pretrained,pretrained_vit_b_16_real_only_b50_s1,done,13.1518,9912.4653
RQ2,classification,CIFAR-100,src/component/configs/splits/cifar100.json,50,pretrained,vit_b_16,real_only,,0,2,stage1-pretrained,pretrained_vit_b_16_real_only_b50_s2,done,13.1457,9912.4653
RQ2,classification,CIFAR-100,src/component/configs/splits/cifar100.json,full,pretrained,vit_b_16,real_only,,0,0,stage1-pretrained,pretrained_vit_b_16_real_only_bfull_s0,done,46.7266,9913.4028
RQ2,classification,CIFAR-100,src/component/configs/splits/cifar100.json,full,pretrained,vit_b_16,real_only,,0,1,stage1-pretrained,pretrained_vit_b_16_real_only_bfull_s1,done,46.7272,9912.4653
RQ2,classification,CIFAR-100,src/component/configs/splits/cifar100.json,full,pretrained,vit_b_16,real_only,,0,2,stage1-pretrained,pretrained_vit_b_16_real_only_bfull_s2,done,46.7095,9912.6528
RQ2,classification,CIFAR-100,src/component/configs/splits/cifar100.json,5,pretrained,vit_b_16,randaugment,,0,0,stage1-pretrained,pretrained_vit_b_16_randaugment_b5_s0,done,6.4654,9912.4653
RQ2,classification,CIFAR-100,src/component/configs/splits/cifar100.json,5,pretrained,vit_b_16,randaugment,,0,1,stage1-pretrained,pretrained_vit_b_16_randaugment_b5_s1,done,6.4662,9912.4653
RQ2,classification,CIFAR-100,src/component/configs/splits/cifar100.json,5,pretrained,vit_b_16,randaugment,,0,2,stage1-pretrained,pretrained_vit_b_16_randaugment_b5_s2,done,6.4636,9912.4653
RQ2,classification,CIFAR-100,src/component/configs/splits/cifar100.json,10,pretrained,vit_b_16,randaugment,,0,0,stage1-pretrained,pretrained_vit_b_16_randaugment_b10_s0,done,7.9571,9913.4028
RQ2,classification,CIFAR-100,src/component/configs/splits/cifar100.json,10,pretrained,vit_b_16,randaugment,,0,1,stage1-pretrained,pretrained_vit_b_16_randaugment_b10_s1,done,7.962,9912.4653
RQ2,classification,CIFAR-100,src/component/configs/splits/cifar100.json,10,pretrained,vit_b_16,randaugment,,0,2,stage1-pretrained,pretrained_vit_b_16_randaugment_b10_s2,done,7.9563,9912.4653
RQ2,classification,CIFAR-100,src/component/configs/splits/cifar100.json,20,pretrained,vit_b_16,randaugment,,0,0,stage1-pretrained,pretrained_vit_b_16_randaugment_b20_s0,done,9.4506,9912.7778
RQ2,classification,CIFAR-100,src/component/configs/splits/cifar100.json,20,pretrained,vit_b_16,randaugment,,0,1,stage1-pretrained,pretrained_vit_b_16_randaugment_b20_s1,done,9.4538,9912.7778
RQ2,classification,CIFAR-100,src/component/configs/splits/cifar100.json,20,pretrained,vit_b_16,randaugment,,0,2,stage1-pretrained,pretrained_vit_b_16_randaugment_b20_s2,done,9.4485,9912.4653
RQ2,classification,CIFAR-100,src/component/configs/splits/cifar100.json,50,pretrained,vit_b_16,randaugment,,0,0,stage1-pretrained,pretrained_vit_b_16_randaugment_b50_s0,done,13.1818,9912.4653
RQ2,classification,CIFAR-100,src/component/configs/splits/cifar100.json,50,pretrained,vit_b_16,randaugment,,0,1,stage1-pretrained,pretrained_vit_b_16_randaugment_b50_s1,done,13.1836,9912.4653
RQ2,classification,CIFAR-100,src/component/configs/splits/cifar100.json,50,pretrained,vit_b_16,randaugment,,0,2,stage1-pretrained,pretrained_vit_b_16_randaugment_b50_s2,done,13.1783,9912.4653
RQ2,classification,CIFAR-100,src/component/configs/splits/cifar100.json,full,pretrained,vit_b_16,randaugment,,0,0,stage1-pretrained,pretrained_vit_b_16_randaugment_bfull_s0,done,46.7602,9912.4653
RQ2,classification,CIFAR-100,src/component/configs/splits/cifar100.json,full,pretrained,vit_b_16,randaugment,,0,1,stage1-pretrained,pretrained_vit_b_16_randaugment_bfull_s1,done,46.7971,9913.4028
RQ2,classification,CIFAR-100,src/component/configs/splits/cifar100.json,full,pretrained,vit_b_16,randaugment,,0,2,stage1-pretrained,pretrained_vit_b_16_randaugment_bfull_s2,done,46.7472,9912.6528
"RQ2, RQ4",classification,CIFAR-100,src/component/configs/splits/cifar100.json,5,pretrained,vit_b_16,sd_prompt,sd_prompt,1:1,0,stage1-pretrained,pretrained_vit_b_16_sd_prompt_b5_s0,done,6.44,9912.6528
"RQ2, RQ4",classification,CIFAR-100,src/component/configs/splits/cifar100.json,5,pretrained,vit_b_16,sd_prompt,sd_prompt,1:1,1,stage1-pretrained,pretrained_vit_b_16_sd_prompt_b5_s1,done,6.4387,9912.6528
"RQ2, RQ4",classification,CIFAR-100,src/component/configs/splits/cifar100.json,5,pretrained,vit_b_16,sd_prompt,sd_prompt,1:1,2,stage1-pretrained,pretrained_vit_b_16_sd_prompt_b5_s2,done,6.4405,9912.6528
"RQ2, RQ4",classification,CIFAR-100,src/component/configs/splits/cifar100.json,10,pretrained,vit_b_16,sd_prompt,sd_prompt,1:1,0,stage1-pretrained,pretrained_vit_b_16_sd_prompt_b10_s0,done,7.929,9912.6528
"RQ2, RQ4",classification,CIFAR-100,src/component/configs/splits/cifar100.json,10,pretrained,vit_b_16,sd_prompt,sd_prompt,1:1,1,stage1-pretrained,pretrained_vit_b_16_sd_prompt_b10_s1,done,7.9296,9912.6528
"RQ2, RQ4",classification,CIFAR-100,src/component/configs/splits/cifar100.json,10,pretrained,vit_b_16,sd_prompt,sd_prompt,1:1,2,stage1-pretrained,pretrained_vit_b_16_sd_prompt_b10_s2,done,7.934,9912.6528
"RQ2, RQ4",classification,CIFAR-100,src/component/configs/splits/cifar100.json,20,pretrained,vit_b_16,sd_prompt,sd_prompt,1:1,0,stage1-pretrained,pretrained_vit_b_16_sd_prompt_b20_s0,done,9.4177,9912.6528
"RQ2, RQ4",classification,CIFAR-100,src/component/configs/splits/cifar100.json,20,pretrained,vit_b_16,sd_prompt,sd_prompt,1:1,1,stage1-pretrained,pretrained_vit_b_16_sd_prompt_b20_s1,done,9.4188,9912.6528
"RQ2, RQ4",classification,CIFAR-100,src/component/configs/splits/cifar100.json,20,pretrained,vit_b_16,sd_prompt,sd_prompt,1:1,2,stage1-pretrained,pretrained_vit_b_16_sd_prompt_b20_s2,done,9.4236,9912.6528
"RQ2, RQ4",classification,CIFAR-100,src/component/configs/splits/cifar100.json,50,pretrained,vit_b_16,sd_prompt,sd_prompt,1:1,0,stage1-pretrained,pretrained_vit_b_16_sd_prompt_b50_s0,done,13.1538,9912.6528
"RQ2, RQ4",classification,CIFAR-100,src/component/configs/splits/cifar100.json,50,pretrained,vit_b_16,sd_prompt,sd_prompt,1:1,1,stage1-pretrained,pretrained_vit_b_16_sd_prompt_b50_s1,done,13.1542,9912.6528
"RQ2, RQ4",classification,CIFAR-100,src/component/configs/splits/cifar100.json,50,pretrained,vit_b_16,sd_prompt,sd_prompt,1:1,2,stage1-pretrained,pretrained_vit_b_16_sd_prompt_b50_s2,done,13.1582,9912.6528
"RQ2, RQ4",classification,CIFAR-100,src/component/configs/splits/cifar100.json,full,pretrained,vit_b_16,sd_prompt,sd_prompt,1:1,0,stage1-pretrained,pretrained_vit_b_16_sd_prompt_bfull_s0,done,46.6384,9913.5278
"RQ2, RQ4",classification,CIFAR-100,src/component/configs/splits/cifar100.json,full,pretrained,vit_b_16,sd_prompt,sd_prompt,1:1,1,stage1-pretrained,pretrained_vit_b_16_sd_prompt_bfull_s1,done,46.6435,9913.5278
"RQ2, RQ4",classification,CIFAR-100,src/component/configs/splits/cifar100.json,full,pretrained,vit_b_16,sd_prompt,sd_prompt,1:1,2,stage1-pretrained,pretrained_vit_b_16_sd_prompt_bfull_s2,done,46.6454,9913.5278
"RQ2, RQ4",classification,CIFAR-100,src/component/configs/splits/cifar100.json,5,pretrained,vit_b_16,sd_prompt_randaugment,sd_prompt,1:1,0,stage1-pretrained,pretrained_vit_b_16_sd_prompt_randaugment_b5_s0,planned,,
"RQ2, RQ4",classification,CIFAR-100,src/component/configs/splits/cifar100.json,5,pretrained,vit_b_16,sd_prompt_randaugment,sd_prompt,1:1,1,stage1-pretrained,pretrained_vit_b_16_sd_prompt_randaugment_b5_s1,planned,,
"RQ2, RQ4",classification,CIFAR-100,src/component/configs/splits/cifar100.json,5,pretrained,vit_b_16,sd_prompt_randaugment,sd_prompt,1:1,2,stage1-pretrained,pretrained_vit_b_16_sd_prompt_randaugment_b5_s2,planned,,
"RQ2, RQ4",classification,CIFAR-100,src/component/configs/splits/cifar100.json,10,pretrained,vit_b_16,sd_prompt_randaugment,sd_prompt,1:1,0,stage1-pretrained,pretrained_vit_b_16_sd_prompt_randaugment_b10_s0,planned,,
"RQ2, RQ4",classification,CIFAR-100,src/component/configs/splits/cifar100.json,10,pretrained,vit_b_16,sd_prompt_randaugment,sd_prompt,1:1,1,stage1-pretrained,pretrained_vit_b_16_sd_prompt_randaugment_b10_s1,planned,,
"RQ2, RQ4",classification,CIFAR-100,src/component/configs/splits/cifar100.json,10,pretrained,vit_b_16,sd_prompt_randaugment,sd_prompt,1:1,2,stage1-pretrained,pretrained_vit_b_16_sd_prompt_randaugment_b10_s2,planned,,
"RQ2, RQ4",classification,CIFAR-100,src/component/configs/splits/cifar100.json,20,pretrained,vit_b_16,sd_prompt_randaugment,sd_prompt,1:1,0,stage1-pretrained,pretrained_vit_b_16_sd_prompt_randaugment_b20_s0,planned,,
"RQ2, RQ4",classification,CIFAR-100,src/component/configs/splits/cifar100.json,20,pretrained,vit_b_16,sd_prompt_randaugment,sd_prompt,1:1,1,stage1-pretrained,pretrained_vit_b_16_sd_prompt_randaugment_b20_s1,planned,,
"RQ2, RQ4",classification,CIFAR-100,src/component/configs/splits/cifar100.json,20,pretrained,vit_b_16,sd_prompt_randaugment,sd_prompt,1:1,2,stage1-pretrained,pretrained_vit_b_16_sd_prompt_randaugment_b20_s2,planned,,
"RQ2, RQ4",classification,CIFAR-100,src/component/configs/splits/cifar100.json,50,pretrained,vit_b_16,sd_prompt_randaugment,sd_prompt,1:1,0,stage1-pretrained,pretrained_vit_b_16_sd_prompt_randaugment_b50_s0,planned,,
"RQ2, RQ4",classification,CIFAR-100,src/component/configs/splits/cifar100.json,50,pretrained,vit_b_16,sd_prompt_randaugment,sd_prompt,1:1,1,stage1-pretrained,pretrained_vit_b_16_sd_prompt_randaugment_b50_s1,planned,,
"RQ2, RQ4",classification,CIFAR-100,src/component/configs/splits/cifar100.json,50,pretrained,vit_b_16,sd_prompt_randaugment,sd_prompt,1:1,2,stage1-pretrained,pretrained_vit_b_16_sd_prompt_randaugment_b50_s2,planned,,
"RQ2, RQ4",classification,CIFAR-100,src/component/configs/splits/cifar100.json,full,pretrained,vit_b_16,sd_prompt_randaugment,sd_prompt,1:1,0,stage1-pretrained,pretrained_vit_b_16_sd_prompt_randaugment_bfull_s0,planned,,
"RQ2, RQ4",classification,CIFAR-100,src/component/configs/splits/cifar100.json,full,pretrained,vit_b_16,sd_prompt_randaugment,sd_prompt,1:1,1,stage1-pretrained,pretrained_vit_b_16_sd_prompt_randaugment_bfull_s1,planned,,
"RQ2, RQ4",classification,CIFAR-100,src/component/configs/splits/cifar100.json,full,pretrained,vit_b_16,sd_prompt_randaugment,sd_prompt,1:1,2,stage1-pretrained,pretrained_vit_b_16_sd_prompt_randaugment_bfull_s2,planned,,
"RQ2, RQ4",classification,CIFAR-100,src/component/configs/splits/cifar100.json,5,pretrained,vit_b_16,sd_lora,lora_sd_b5,1:1,0,stage1-pretrained,pretrained_vit_b_16_sd_lora_b5_s0,done,6.4428,9912.6528
"RQ2, RQ4",classification,CIFAR-100,src/component/configs/splits/cifar100.json,5,pretrained,vit_b_16,sd_lora,lora_sd_b5,1:1,1,stage1-pretrained,pretrained_vit_b_16_sd_lora_b5_s1,done,6.4419,9912.6528
"RQ2, RQ4",classification,CIFAR-100,src/component/configs/splits/cifar100.json,5,pretrained,vit_b_16,sd_lora,lora_sd_b5,1:1,2,stage1-pretrained,pretrained_vit_b_16_sd_lora_b5_s2,done,6.4416,9912.6528
"RQ2, RQ4",classification,CIFAR-100,src/component/configs/splits/cifar100.json,10,pretrained,vit_b_16,sd_lora,lora_sd_b10,1:1,0,stage1-pretrained,pretrained_vit_b_16_sd_lora_b10_s0,done,7.9356,9912.6528
"RQ2, RQ4",classification,CIFAR-100,src/component/configs/splits/cifar100.json,10,pretrained,vit_b_16,sd_lora,lora_sd_b10,1:1,1,stage1-pretrained,pretrained_vit_b_16_sd_lora_b10_s1,done,7.9332,9912.6528
"RQ2, RQ4",classification,CIFAR-100,src/component/configs/splits/cifar100.json,10,pretrained,vit_b_16,sd_lora,lora_sd_b10,1:1,2,stage1-pretrained,pretrained_vit_b_16_sd_lora_b10_s2,done,7.9359,9912.6528
"RQ2, RQ4",classification,CIFAR-100,src/component/configs/splits/cifar100.json,20,pretrained,vit_b_16,sd_lora,lora_sd_b20,1:1,0,stage1-pretrained,pretrained_vit_b_16_sd_lora_b20_s0,done,9.4208,9912.6528
"RQ2, RQ4",classification,CIFAR-100,src/component/configs/splits/cifar100.json,20,pretrained,vit_b_16,sd_lora,lora_sd_b20,1:1,1,stage1-pretrained,pretrained_vit_b_16_sd_lora_b20_s1,done,9.4232,9912.6528
"RQ2, RQ4",classification,CIFAR-100,src/component/configs/splits/cifar100.json,20,pretrained,vit_b_16,sd_lora,lora_sd_b20,1:1,2,stage1-pretrained,pretrained_vit_b_16_sd_lora_b20_s2,done,9.4219,9912.6528
"RQ2, RQ4",classification,CIFAR-100,src/component/configs/splits/cifar100.json,50,pretrained,vit_b_16,sd_lora,lora_sd_b50,1:1,0,stage1-pretrained,pretrained_vit_b_16_sd_lora_b50_s0,done,13.1594,9912.6528
"RQ2, RQ4",classification,CIFAR-100,src/component/configs/splits/cifar100.json,50,pretrained,vit_b_16,sd_lora,lora_sd_b50,1:1,1,stage1-pretrained,pretrained_vit_b_16_sd_lora_b50_s1,done,13.1595,9912.6528
"RQ2, RQ4",classification,CIFAR-100,src/component/configs/splits/cifar100.json,50,pretrained,vit_b_16,sd_lora,lora_sd_b50,1:1,2,stage1-pretrained,pretrained_vit_b_16_sd_lora_b50_s2,done,13.1598,9912.6528
"RQ2, RQ4",classification,CIFAR-100,src/component/configs/splits/cifar100.json,full,pretrained,vit_b_16,sd_lora,lora_sd_bfull,1:1,0,stage1-pretrained,pretrained_vit_b_16_sd_lora_bfull_s0,done,46.6484,9913.5278
"RQ2, RQ4",classification,CIFAR-100,src/component/configs/splits/cifar100.json,full,pretrained,vit_b_16,sd_lora,lora_sd_bfull,1:1,1,stage1-pretrained,pretrained_vit_b_16_sd_lora_bfull_s1,done,46.6472,9913.5278
"RQ2, RQ4",classification,CIFAR-100,src/component/configs/splits/cifar100.json,full,pretrained,vit_b_16,sd_lora,lora_sd_bfull,1:1,2,stage1-pretrained,pretrained_vit_b_16_sd_lora_bfull_s2,done,46.6502,9913.5278
RQ2,classification,CIFAR-100,src/component/configs/splits/cifar100.json,5,scratch,resnet50,real_only,,0,0,stage1-scratch,scratch_resnet50_real_only_b5_s0,done,8.22,5786.5459
RQ2,classification,CIFAR-100,src/component/configs/splits/cifar100.json,5,scratch,resnet50,real_only,,0,1,stage1-scratch,scratch_resnet50_real_only_b5_s1,done,8.223,5786.5459
RQ2,classification,CIFAR-100,src/component/configs/splits/cifar100.json,5,scratch,resnet50,real_only,,0,2,stage1-scratch,scratch_resnet50_real_only_b5_s2,done,8.2257,5786.5459
RQ2,classification,CIFAR-100,src/component/configs/splits/cifar100.json,10,scratch,resnet50,real_only,,0,0,stage1-scratch,scratch_resnet50_real_only_b10_s0,done,11.8245,5786.5459
RQ2,classification,CIFAR-100,src/component/configs/splits/cifar100.json,10,scratch,resnet50,real_only,,0,1,stage1-scratch,scratch_resnet50_real_only_b10_s1,done,11.8296,5786.5459
RQ2,classification,CIFAR-100,src/component/configs/splits/cifar100.json,10,scratch,resnet50,real_only,,0,2,stage1-scratch,scratch_resnet50_real_only_b10_s2,done,11.8325,5786.5459
RQ2,classification,CIFAR-100,src/component/configs/splits/cifar100.json,20,scratch,resnet50,real_only,,0,0,stage1-scratch,scratch_resnet50_real_only_b20_s0,done,15.4402,5786.5459
RQ2,classification,CIFAR-100,src/component/configs/splits/cifar100.json,20,scratch,resnet50,real_only,,0,1,stage1-scratch,scratch_resnet50_real_only_b20_s1,done,15.4348,5786.5459
RQ2,classification,CIFAR-100,src/component/configs/splits/cifar100.json,20,scratch,resnet50,real_only,,0,2,stage1-scratch,scratch_resnet50_real_only_b20_s2,done,15.4462,5786.5459
RQ2,classification,CIFAR-100,src/component/configs/splits/cifar100.json,50,scratch,resnet50,real_only,,0,0,stage1-scratch,scratch_resnet50_real_only_b50_s0,done,29.9682,5786.5459
RQ2,classification,CIFAR-100,src/component/configs/splits/cifar100.json,50,scratch,resnet50,real_only,,0,1,stage1-scratch,scratch_resnet50_real_only_b50_s1,done,29.9539,5786.5459
RQ2,classification,CIFAR-100,src/component/configs/splits/cifar100.json,50,scratch,resnet50,real_only,,0,2,stage1-scratch,scratch_resnet50_real_only_b50_s2,done,29.9607,5786.5459
RQ2,classification,CIFAR-100,src/component/configs/splits/cifar100.json,full,scratch,resnet50,real_only,,0,0,stage1-scratch,scratch_resnet50_real_only_bfull_s0,done,183.9304,5786.5459
RQ2,classification,CIFAR-100,src/component/configs/splits/cifar100.json,full,scratch,resnet50,real_only,,0,1,stage1-scratch,scratch_resnet50_real_only_bfull_s1,done,183.878,5786.5459
RQ2,classification,CIFAR-100,src/component/configs/splits/cifar100.json,full,scratch,resnet50,real_only,,0,2,stage1-scratch,scratch_resnet50_real_only_bfull_s2,done,183.8559,5786.5459
RQ2,classification,CIFAR-100,src/component/configs/splits/cifar100.json,5,scratch,resnet50,randaugment,,0,0,stage1-scratch,scratch_resnet50_randaugment_b5_s0,done,8.2537,5786.5459
RQ2,classification,CIFAR-100,src/component/configs/splits/cifar100.json,5,scratch,resnet50,randaugment,,0,1,stage1-scratch,scratch_resnet50_randaugment_b5_s1,done,8.2548,5786.5459
RQ2,classification,CIFAR-100,src/component/configs/splits/cifar100.json,5,scratch,resnet50,randaugment,,0,2,stage1-scratch,scratch_resnet50_randaugment_b5_s2,done,8.2588,5786.5459
RQ2,classification,CIFAR-100,src/component/configs/splits/cifar100.json,10,scratch,resnet50,randaugment,,0,0,stage1-scratch,scratch_resnet50_randaugment_b10_s0,done,11.8684,5786.5459
RQ2,classification,CIFAR-100,src/component/configs/splits/cifar100.json,10,scratch,resnet50,randaugment,,0,1,stage1-scratch,scratch_resnet50_randaugment_b10_s1,done,11.8703,5786.5459
RQ2,classification,CIFAR-100,src/component/configs/splits/cifar100.json,10,scratch,resnet50,randaugment,,0,2,stage1-scratch,scratch_resnet50_randaugment_b10_s2,done,11.8669,5786.5459
RQ2,classification,CIFAR-100,src/component/configs/splits/cifar100.json,20,scratch,resnet50,randaugment,,0,0,stage1-scratch,scratch_resnet50_randaugment_b20_s0,done,15.4702,5786.5459
RQ2,classification,CIFAR-100,src/component/configs/splits/cifar100.json,20,scratch,resnet50,randaugment,,0,1,stage1-scratch,scratch_resnet50_randaugment_b20_s1,done,15.4761,5786.5459
RQ2,classification,CIFAR-100,src/component/configs/splits/cifar100.json,20,scratch,resnet50,randaugment,,0,2,stage1-scratch,scratch_resnet50_randaugment_b20_s2,done,15.4851,5786.5459
RQ2,classification,CIFAR-100,src/component/configs/splits/cifar100.json,50,scratch,resnet50,randaugment,,0,0,stage1-scratch,scratch_resnet50_randaugment_b50_s0,done,29.997,5786.5459
RQ2,classification,CIFAR-100,src/component/configs/splits/cifar100.json,50,scratch,resnet50,randaugment,,0,1,stage1-scratch,scratch_resnet50_randaugment_b50_s1,done,29.9463,5786.5459
RQ2,classification,CIFAR-100,src/component/configs/splits/cifar100.json,50,scratch,resnet50,randaugment,,0,2,stage1-scratch,scratch_resnet50_randaugment_b50_s2,done,29.9196,5786.5459
RQ2,classification,CIFAR-100,src/component/configs/splits/cifar100.json,full,scratch,resnet50,randaugment,,0,0,stage1-scratch,scratch_resnet50_randaugment_bfull_s0,done,183.9131,5786.5459
RQ2,classification,CIFAR-100,src/component/configs/splits/cifar100.json,full,scratch,resnet50,randaugment,,0,1,stage1-scratch,scratch_resnet50_randaugment_bfull_s1,done,183.9376,5786.5459
RQ2,classification,CIFAR-100,src/component/configs/splits/cifar100.json,full,scratch,resnet50,randaugment,,0,2,stage1-scratch,scratch_resnet50_randaugment_bfull_s2,done,183.8769,5786.5459
"RQ2, RQ4",classification,CIFAR-100,src/component/configs/splits/cifar100.json,5,scratch,resnet50,sd_prompt,sd_prompt,1:1,0,stage1-scratch,scratch_resnet50_sd_prompt_b5_s0,done,8.2497,5783.4209
"RQ2, RQ4",classification,CIFAR-100,src/component/configs/splits/cifar100.json,5,scratch,resnet50,sd_prompt,sd_prompt,1:1,1,stage1-scratch,scratch_resnet50_sd_prompt_b5_s1,done,8.2559,5783.4209
"RQ2, RQ4",classification,CIFAR-100,src/component/configs/splits/cifar100.json,5,scratch,resnet50,sd_prompt,sd_prompt,1:1,2,stage1-scratch,scratch_resnet50_sd_prompt_b5_s2,done,8.2525,5783.4209
"RQ2, RQ4",classification,CIFAR-100,src/component/configs/splits/cifar100.json,10,scratch,resnet50,sd_prompt,sd_prompt,1:1,0,stage1-scratch,scratch_resnet50_sd_prompt_b10_s0,done,11.8581,5783.4209
"RQ2, RQ4",classification,CIFAR-100,src/component/configs/splits/cifar100.json,10,scratch,resnet50,sd_prompt,sd_prompt,1:1,1,stage1-scratch,scratch_resnet50_sd_prompt_b10_s1,done,11.8558,5783.4209
"RQ2, RQ4",classification,CIFAR-100,src/component/configs/splits/cifar100.json,10,scratch,resnet50,sd_prompt,sd_prompt,1:1,2,stage1-scratch,scratch_resnet50_sd_prompt_b10_s2,done,11.8545,5783.4209
"RQ2, RQ4",classification,CIFAR-100,src/component/configs/splits/cifar100.json,20,scratch,resnet50,sd_prompt,sd_prompt,1:1,0,stage1-scratch,scratch_resnet50_sd_prompt_b20_s0,done,15.4551,5783.4209
"RQ2, RQ4",classification,CIFAR-100,src/component/configs/splits/cifar100.json,20,scratch,resnet50,sd_prompt,sd_prompt,1:1,1,stage1-scratch,scratch_resnet50_sd_prompt_b20_s1,done,15.4824,5783.4209
"RQ2, RQ4",classification,CIFAR-100,src/component/configs/splits/cifar100.json,20,scratch,resnet50,sd_prompt,sd_prompt,1:1,2,stage1-scratch,scratch_resnet50_sd_prompt_b20_s2,done,15.4807,5783.4209
"RQ2, RQ4",classification,CIFAR-100,src/component/configs/splits/cifar100.json,50,scratch,resnet50,sd_prompt,sd_prompt,1:1,0,stage1-scratch,scratch_resnet50_sd_prompt_b50_s0,done,29.939,5783.4209
"RQ2, RQ4",classification,CIFAR-100,src/component/configs/splits/cifar100.json,50,scratch,resnet50,sd_prompt,sd_prompt,1:1,1,stage1-scratch,scratch_resnet50_sd_prompt_b50_s1,done,29.9496,5783.4209
"RQ2, RQ4",classification,CIFAR-100,src/component/configs/splits/cifar100.json,50,scratch,resnet50,sd_prompt,sd_prompt,1:1,2,stage1-scratch,scratch_resnet50_sd_prompt_b50_s2,done,29.9486,5783.4209
"RQ2, RQ4",classification,CIFAR-100,src/component/configs/splits/cifar100.json,full,scratch,resnet50,sd_prompt,sd_prompt,1:1,0,stage1-scratch,scratch_resnet50_sd_prompt_bfull_s0,done,184.1491,5783.4209
"RQ2, RQ4",classification,CIFAR-100,src/component/configs/splits/cifar100.json,full,scratch,resnet50,sd_prompt,sd_prompt,1:1,1,stage1-scratch,scratch_resnet50_sd_prompt_bfull_s1,done,183.808,5783.4209
"RQ2, RQ4",classification,CIFAR-100,src/component/configs/splits/cifar100.json,full,scratch,resnet50,sd_prompt,sd_prompt,1:1,2,stage1-scratch,scratch_resnet50_sd_prompt_bfull_s2,done,183.9388,5783.4209
"RQ2, RQ4",classification,CIFAR-100,src/component/configs/splits/cifar100.json,5,scratch,resnet50,sd_prompt_randaugment,sd_prompt,1:1,0,stage1-scratch,scratch_resnet50_sd_prompt_randaugment_b5_s0,planned,,
"RQ2, RQ4",classification,CIFAR-100,src/component/configs/splits/cifar100.json,5,scratch,resnet50,sd_prompt_randaugment,sd_prompt,1:1,1,stage1-scratch,scratch_resnet50_sd_prompt_randaugment_b5_s1,planned,,
"RQ2, RQ4",classification,CIFAR-100,src/component/configs/splits/cifar100.json,5,scratch,resnet50,sd_prompt_randaugment,sd_prompt,1:1,2,stage1-scratch,scratch_resnet50_sd_prompt_randaugment_b5_s2,planned,,
"RQ2, RQ4",classification,CIFAR-100,src/component/configs/splits/cifar100.json,10,scratch,resnet50,sd_prompt_randaugment,sd_prompt,1:1,0,stage1-scratch,scratch_resnet50_sd_prompt_randaugment_b10_s0,planned,,
"RQ2, RQ4",classification,CIFAR-100,src/component/configs/splits/cifar100.json,10,scratch,resnet50,sd_prompt_randaugment,sd_prompt,1:1,1,stage1-scratch,scratch_resnet50_sd_prompt_randaugment_b10_s1,planned,,
"RQ2, RQ4",classification,CIFAR-100,src/component/configs/splits/cifar100.json,10,scratch,resnet50,sd_prompt_randaugment,sd_prompt,1:1,2,stage1-scratch,scratch_resnet50_sd_prompt_randaugment_b10_s2,planned,,
"RQ2, RQ4",classification,CIFAR-100,src/component/configs/splits/cifar100.json,20,scratch,resnet50,sd_prompt_randaugment,sd_prompt,1:1,0,stage1-scratch,scratch_resnet50_sd_prompt_randaugment_b20_s0,planned,,
"RQ2, RQ4",classification,CIFAR-100,src/component/configs/splits/cifar100.json,20,scratch,resnet50,sd_prompt_randaugment,sd_prompt,1:1,1,stage1-scratch,scratch_resnet50_sd_prompt_randaugment_b20_s1,planned,,
"RQ2, RQ4",classification,CIFAR-100,src/component/configs/splits/cifar100.json,20,scratch,resnet50,sd_prompt_randaugment,sd_prompt,1:1,2,stage1-scratch,scratch_resnet50_sd_prompt_randaugment_b20_s2,planned,,
"RQ2, RQ4",classification,CIFAR-100,src/component/configs/splits/cifar100.json,50,scratch,resnet50,sd_prompt_randaugment,sd_prompt,1:1,0,stage1-scratch,scratch_resnet50_sd_prompt_randaugment_b50_s0,planned,,
"RQ2, RQ4",classification,CIFAR-100,src/component/configs/splits/cifar100.json,50,scratch,resnet50,sd_prompt_randaugment,sd_prompt,1:1,1,stage1-scratch,scratch_resnet50_sd_prompt_randaugment_b50_s1,planned,,
"RQ2, RQ4",classification,CIFAR-100,src/component/configs/splits/cifar100.json,50,scratch,resnet50,sd_prompt_randaugment,sd_prompt,1:1,2,stage1-scratch,scratch_resnet50_sd_prompt_randaugment_b50_s2,planned,,
"RQ2, RQ4",classification,CIFAR-100,src/component/configs/splits/cifar100.json,full,scratch,resnet50,sd_prompt_randaugment,sd_prompt,1:1,0,stage1-scratch,scratch_resnet50_sd_prompt_randaugment_bfull_s0,planned,,
"RQ2, RQ4",classification,CIFAR-100,src/component/configs/splits/cifar100.json,full,scratch,resnet50,sd_prompt_randaugment,sd_prompt,1:1,1,stage1-scratch,scratch_resnet50_sd_prompt_randaugment_bfull_s1,planned,,
"RQ2, RQ4",classification,CIFAR-100,src/component/configs/splits/cifar100.json,full,scratch,resnet50,sd_prompt_randaugment,sd_prompt,1:1,2,stage1-scratch,scratch_resnet50_sd_prompt_randaugment_bfull_s2,planned,,
"RQ2, RQ4",classification,CIFAR-100,src/component/configs/splits/cifar100.json,5,scratch,resnet50,sd_lora,lora_sd_b5,1:1,0,stage1-scratch,scratch_resnet50_sd_lora_b5_s0,done,8.2491,5783.4209
"RQ2, RQ4",classification,CIFAR-100,src/component/configs/splits/cifar100.json,5,scratch,resnet50,sd_lora,lora_sd_b5,1:1,1,stage1-scratch,scratch_resnet50_sd_lora_b5_s1,done,8.2501,5783.4209
"RQ2, RQ4",classification,CIFAR-100,src/component/configs/splits/cifar100.json,5,scratch,resnet50,sd_lora,lora_sd_b5,1:1,2,stage1-scratch,scratch_resnet50_sd_lora_b5_s2,done,8.2518,5783.4209
"RQ2, RQ4",classification,CIFAR-100,src/component/configs/splits/cifar100.json,10,scratch,resnet50,sd_lora,lora_sd_b10,1:1,0,stage1-scratch,scratch_resnet50_sd_lora_b10_s0,done,11.8517,5783.4209
"RQ2, RQ4",classification,CIFAR-100,src/component/configs/splits/cifar100.json,10,scratch,resnet50,sd_lora,lora_sd_b10,1:1,1,stage1-scratch,scratch_resnet50_sd_lora_b10_s1,done,11.8571,5783.4209
"RQ2, RQ4",classification,CIFAR-100,src/component/configs/splits/cifar100.json,10,scratch,resnet50,sd_lora,lora_sd_b10,1:1,2,stage1-scratch,scratch_resnet50_sd_lora_b10_s2,done,11.8545,5783.4209
"RQ2, RQ4",classification,CIFAR-100,src/component/configs/splits/cifar100.json,20,scratch,resnet50,sd_lora,lora_sd_b20,1:1,0,stage1-scratch,scratch_resnet50_sd_lora_b20_s0,done,15.4661,5783.4209
"RQ2, RQ4",classification,CIFAR-100,src/component/configs/splits/cifar100.json,20,scratch,resnet50,sd_lora,lora_sd_b20,1:1,1,stage1-scratch,scratch_resnet50_sd_lora_b20_s1,done,15.4608,5783.4209
"RQ2, RQ4",classification,CIFAR-100,src/component/configs/splits/cifar100.json,20,scratch,resnet50,sd_lora,lora_sd_b20,1:1,2,stage1-scratch,scratch_resnet50_sd_lora_b20_s2,done,15.4737,5783.4209
"RQ2, RQ4",classification,CIFAR-100,src/component/configs/splits/cifar100.json,50,scratch,resnet50,sd_lora,lora_sd_b50,1:1,0,stage1-scratch,scratch_resnet50_sd_lora_b50_s0,done,29.9399,5783.4209
"RQ2, RQ4",classification,CIFAR-100,src/component/configs/splits/cifar100.json,50,scratch,resnet50,sd_lora,lora_sd_b50,1:1,1,stage1-scratch,scratch_resnet50_sd_lora_b50_s1,done,29.9394,5783.4209
"RQ2, RQ4",classification,CIFAR-100,src/component/configs/splits/cifar100.json,50,scratch,resnet50,sd_lora,lora_sd_b50,1:1,2,stage1-scratch,scratch_resnet50_sd_lora_b50_s2,done,29.9471,5783.4209
"RQ2, RQ4",classification,CIFAR-100,src/component/configs/splits/cifar100.json,full,scratch,resnet50,sd_lora,lora_sd_bfull,1:1,0,stage1-scratch,scratch_resnet50_sd_lora_bfull_s0,done,184.2285,5783.4209
"RQ2, RQ4",classification,CIFAR-100,src/component/configs/splits/cifar100.json,full,scratch,resnet50,sd_lora,lora_sd_bfull,1:1,1,stage1-scratch,scratch_resnet50_sd_lora_bfull_s1,done,183.8942,5783.4209
"RQ2, RQ4",classification,CIFAR-100,src/component/configs/splits/cifar100.json,full,scratch,resnet50,sd_lora,lora_sd_bfull,1:1,2,stage1-scratch,scratch_resnet50_sd_lora_bfull_s2,done,183.9757,5783.4209
RQ2,classification,CIFAR-100,src/component/configs/splits/cifar100.json,5,scratch,vit_b_16,real_only,,0,0,stage1-scratch,scratch_vit_b_16_real_only_b5_s0,done,16.8773,9912.6528
RQ2,classification,CIFAR-100,src/component/configs/splits/cifar100.json,5,scratch,vit_b_16,real_only,,0,1,stage1-scratch,scratch_vit_b_16_real_only_b5_s1,done,16.8813,9912.7153
RQ2,classification,CIFAR-100,src/component/configs/splits/cifar100.json,5,scratch,vit_b_16,real_only,,0,2,stage1-scratch,scratch_vit_b_16_real_only_b5_s2,done,16.8817,9913.3403
RQ2,classification,CIFAR-100,src/component/configs/splits/cifar100.json,10,scratch,vit_b_16,real_only,,0,0,stage1-scratch,scratch_vit_b_16_real_only_b10_s0,done,24.3367,9912.4653
RQ2,classification,CIFAR-100,src/component/configs/splits/cifar100.json,10,scratch,vit_b_16,real_only,,0,1,stage1-scratch,scratch_vit_b_16_real_only_b10_s1,done,24.339,9912.6528
RQ2,classification,CIFAR-100,src/component/configs/splits/cifar100.json,10,scratch,vit_b_16,real_only,,0,2,stage1-scratch,scratch_vit_b_16_real_only_b10_s2,done,24.3416,9912.4653
RQ2,classification,CIFAR-100,src/component/configs/splits/cifar100.json,20,scratch,vit_b_16,real_only,,0,0,stage1-scratch,scratch_vit_b_16_real_only_b20_s0,done,31.7969,9912.4653
RQ2,classification,CIFAR-100,src/component/configs/splits/cifar100.json,20,scratch,vit_b_16,real_only,,0,1,stage1-scratch,scratch_vit_b_16_real_only_b20_s1,done,31.7982,9912.4653
RQ2,classification,CIFAR-100,src/component/configs/splits/cifar100.json,20,scratch,vit_b_16,real_only,,0,2,stage1-scratch,scratch_vit_b_16_real_only_b20_s2,done,31.8002,9912.4653
RQ2,classification,CIFAR-100,src/component/configs/splits/cifar100.json,50,scratch,vit_b_16,real_only,,0,0,stage1-scratch,scratch_vit_b_16_real_only_b50_s0,done,61.6317,9912.8403
RQ2,classification,CIFAR-100,src/component/configs/splits/cifar100.json,50,scratch,vit_b_16,real_only,,0,1,stage1-scratch,scratch_vit_b_16_real_only_b50_s1,done,61.6293,9912.4653
RQ2,classification,CIFAR-100,src/component/configs/splits/cifar100.json,50,scratch,vit_b_16,real_only,,0,2,stage1-scratch,scratch_vit_b_16_real_only_b50_s2,done,61.6306,9912.4653
RQ2,classification,CIFAR-100,src/component/configs/splits/cifar100.json,full,scratch,vit_b_16,real_only,,0,0,stage1-scratch,scratch_vit_b_16_real_only_bfull_s0,done,374.9121,9913.4028
RQ2,classification,CIFAR-100,src/component/configs/splits/cifar100.json,full,scratch,vit_b_16,real_only,,0,1,stage1-scratch,scratch_vit_b_16_real_only_bfull_s1,done,374.8982,9913.4028
RQ2,classification,CIFAR-100,src/component/configs/splits/cifar100.json,full,scratch,vit_b_16,real_only,,0,2,stage1-scratch,scratch_vit_b_16_real_only_bfull_s2,done,374.8746,9913.4028
RQ2,classification,CIFAR-100,src/component/configs/splits/cifar100.json,5,scratch,vit_b_16,randaugment,,0,0,stage1-scratch,scratch_vit_b_16_randaugment_b5_s0,done,16.9076,9912.6528
RQ2,classification,CIFAR-100,src/component/configs/splits/cifar100.json,5,scratch,vit_b_16,randaugment,,0,1,stage1-scratch,scratch_vit_b_16_randaugment_b5_s1,done,16.9116,9912.4653
RQ2,classification,CIFAR-100,src/component/configs/splits/cifar100.json,5,scratch,vit_b_16,randaugment,,0,2,stage1-scratch,scratch_vit_b_16_randaugment_b5_s2,done,16.9138,9913.1528
RQ2,classification,CIFAR-100,src/component/configs/splits/cifar100.json,10,scratch,vit_b_16,randaugment,,0,0,stage1-scratch,scratch_vit_b_16_randaugment_b10_s0,done,24.3673,9913.5903
RQ2,classification,CIFAR-100,src/component/configs/splits/cifar100.json,10,scratch,vit_b_16,randaugment,,0,1,stage1-scratch,scratch_vit_b_16_randaugment_b10_s1,done,24.3681,9912.4653
RQ2,classification,CIFAR-100,src/component/configs/splits/cifar100.json,10,scratch,vit_b_16,randaugment,,0,2,stage1-scratch,scratch_vit_b_16_randaugment_b10_s2,done,24.3706,9913.9653
RQ2,classification,CIFAR-100,src/component/configs/splits/cifar100.json,20,scratch,vit_b_16,randaugment,,0,0,stage1-scratch,scratch_vit_b_16_randaugment_b20_s0,done,31.8262,9912.4653
RQ2,classification,CIFAR-100,src/component/configs/splits/cifar100.json,20,scratch,vit_b_16,randaugment,,0,1,stage1-scratch,scratch_vit_b_16_randaugment_b20_s1,done,31.8298,9912.4653
RQ2,classification,CIFAR-100,src/component/configs/splits/cifar100.json,20,scratch,vit_b_16,randaugment,,0,2,stage1-scratch,scratch_vit_b_16_randaugment_b20_s2,done,31.8308,9913.1528
RQ2,classification,CIFAR-100,src/component/configs/splits/cifar100.json,50,scratch,vit_b_16,randaugment,,0,0,stage1-scratch,scratch_vit_b_16_randaugment_b50_s0,done,61.6632,9912.4653
RQ2,classification,CIFAR-100,src/component/configs/splits/cifar100.json,50,scratch,vit_b_16,randaugment,,0,1,stage1-scratch,scratch_vit_b_16_randaugment_b50_s1,done,61.6694,9912.5903
RQ2,classification,CIFAR-100,src/component/configs/splits/cifar100.json,50,scratch,vit_b_16,randaugment,,0,2,stage1-scratch,scratch_vit_b_16_randaugment_b50_s2,done,61.6694,9913.7778
RQ2,classification,CIFAR-100,src/component/configs/splits/cifar100.json,full,scratch,vit_b_16,randaugment,,0,0,stage1-scratch,scratch_vit_b_16_randaugment_bfull_s0,done,374.9376,9913.4028
RQ2,classification,CIFAR-100,src/component/configs/splits/cifar100.json,full,scratch,vit_b_16,randaugment,,0,1,stage1-scratch,scratch_vit_b_16_randaugment_bfull_s1,done,374.9386,9913.4028
RQ2,classification,CIFAR-100,src/component/configs/splits/cifar100.json,full,scratch,vit_b_16,randaugment,,0,2,stage1-scratch,scratch_vit_b_16_randaugment_bfull_s2,done,374.9086,9913.4028
"RQ2, RQ4",classification,CIFAR-100,src/component/configs/splits/cifar100.json,5,scratch,vit_b_16,sd_prompt,sd_prompt,1:1,0,stage1-scratch,scratch_vit_b_16_sd_prompt_b5_s0,done,16.8651,9912.6528
"RQ2, RQ4",classification,CIFAR-100,src/component/configs/splits/cifar100.json,5,scratch,vit_b_16,sd_prompt,sd_prompt,1:1,1,stage1-scratch,scratch_vit_b_16_sd_prompt_b5_s1,done,16.868,9912.6528
"RQ2, RQ4",classification,CIFAR-100,src/component/configs/splits/cifar100.json,5,scratch,vit_b_16,sd_prompt,sd_prompt,1:1,2,stage1-scratch,scratch_vit_b_16_sd_prompt_b5_s2,done,16.8667,9912.6528
"RQ2, RQ4",classification,CIFAR-100,src/component/configs/splits/cifar100.json,10,scratch,vit_b_16,sd_prompt,sd_prompt,1:1,0,stage1-scratch,scratch_vit_b_16_sd_prompt_b10_s0,done,24.3122,9913.5278
"RQ2, RQ4",classification,CIFAR-100,src/component/configs/splits/cifar100.json,10,scratch,vit_b_16,sd_prompt,sd_prompt,1:1,1,stage1-scratch,scratch_vit_b_16_sd_prompt_b10_s1,done,24.3162,9913.5278
"RQ2, RQ4",classification,CIFAR-100,src/component/configs/splits/cifar100.json,10,scratch,vit_b_16,sd_prompt,sd_prompt,1:1,2,stage1-scratch,scratch_vit_b_16_sd_prompt_b10_s2,done,24.313,9913.5278
"RQ2, RQ4",classification,CIFAR-100,src/component/configs/splits/cifar100.json,20,scratch,vit_b_16,sd_prompt,sd_prompt,1:1,0,stage1-scratch,scratch_vit_b_16_sd_prompt_b20_s0,done,31.7569,9913.5278
"RQ2, RQ4",classification,CIFAR-100,src/component/configs/splits/cifar100.json,20,scratch,vit_b_16,sd_prompt,sd_prompt,1:1,1,stage1-scratch,scratch_vit_b_16_sd_prompt_b20_s1,done,31.7642,9913.5278
"RQ2, RQ4",classification,CIFAR-100,src/component/configs/splits/cifar100.json,20,scratch,vit_b_16,sd_prompt,sd_prompt,1:1,2,stage1-scratch,scratch_vit_b_16_sd_prompt_b20_s2,done,31.7561,9913.5278
"RQ2, RQ4",classification,CIFAR-100,src/component/configs/splits/cifar100.json,50,scratch,vit_b_16,sd_prompt,sd_prompt,1:1,0,stage1-scratch,scratch_vit_b_16_sd_prompt_b50_s0,done,61.5406,9913.5278
"RQ2, RQ4",classification,CIFAR-100,src/component/configs/splits/cifar100.json,50,scratch,vit_b_16,sd_prompt,sd_prompt,1:1,1,stage1-scratch,scratch_vit_b_16_sd_prompt_b50_s1,done,61.5515,9913.5278
"RQ2, RQ4",classification,CIFAR-100,src/component/configs/splits/cifar100.json,50,scratch,vit_b_16,sd_prompt,sd_prompt,1:1,2,stage1-scratch,scratch_vit_b_16_sd_prompt_b50_s2,done,61.5435,9913.5278
"RQ2, RQ4",classification,CIFAR-100,src/component/configs/splits/cifar100.json,full,scratch,vit_b_16,sd_prompt,sd_prompt,1:1,0,stage1-scratch,scratch_vit_b_16_sd_prompt_bfull_s0,done,374.2284,9914.7778
"RQ2, RQ4",classification,CIFAR-100,src/component/configs/splits/cifar100.json,full,scratch,vit_b_16,sd_prompt,sd_prompt,1:1,1,stage1-scratch,scratch_vit_b_16_sd_prompt_bfull_s1,done,374.2355,9914.7778
"RQ2, RQ4",classification,CIFAR-100,src/component/configs/splits/cifar100.json,full,scratch,vit_b_16,sd_prompt,sd_prompt,1:1,2,stage1-scratch,scratch_vit_b_16_sd_prompt_bfull_s2,done,374.205,9914.7778
"RQ2, RQ4",classification,CIFAR-100,src/component/configs/splits/cifar100.json,5,scratch,vit_b_16,sd_prompt_randaugment,sd_prompt,1:1,0,stage1-scratch,scratch_vit_b_16_sd_prompt_randaugment_b5_s0,planned,,
"RQ2, RQ4",classification,CIFAR-100,src/component/configs/splits/cifar100.json,5,scratch,vit_b_16,sd_prompt_randaugment,sd_prompt,1:1,1,stage1-scratch,scratch_vit_b_16_sd_prompt_randaugment_b5_s1,planned,,
"RQ2, RQ4",classification,CIFAR-100,src/component/configs/splits/cifar100.json,5,scratch,vit_b_16,sd_prompt_randaugment,sd_prompt,1:1,2,stage1-scratch,scratch_vit_b_16_sd_prompt_randaugment_b5_s2,planned,,
"RQ2, RQ4",classification,CIFAR-100,src/component/configs/splits/cifar100.json,10,scratch,vit_b_16,sd_prompt_randaugment,sd_prompt,1:1,0,stage1-scratch,scratch_vit_b_16_sd_prompt_randaugment_b10_s0,planned,,
"RQ2, RQ4",classification,CIFAR-100,src/component/configs/splits/cifar100.json,10,scratch,vit_b_16,sd_prompt_randaugment,sd_prompt,1:1,1,stage1-scratch,scratch_vit_b_16_sd_prompt_randaugment_b10_s1,planned,,
"RQ2, RQ4",classification,CIFAR-100,src/component/configs/splits/cifar100.json,10,scratch,vit_b_16,sd_prompt_randaugment,sd_prompt,1:1,2,stage1-scratch,scratch_vit_b_16_sd_prompt_randaugment_b10_s2,planned,,
"RQ2, RQ4",classification,CIFAR-100,src/component/configs/splits/cifar100.json,20,scratch,vit_b_16,sd_prompt_randaugment,sd_prompt,1:1,0,stage1-scratch,scratch_vit_b_16_sd_prompt_randaugment_b20_s0,planned,,
"RQ2, RQ4",classification,CIFAR-100,src/component/configs/splits/cifar100.json,20,scratch,vit_b_16,sd_prompt_randaugment,sd_prompt,1:1,1,stage1-scratch,scratch_vit_b_16_sd_prompt_randaugment_b20_s1,planned,,
"RQ2, RQ4",classification,CIFAR-100,src/component/configs/splits/cifar100.json,20,scratch,vit_b_16,sd_prompt_randaugment,sd_prompt,1:1,2,stage1-scratch,scratch_vit_b_16_sd_prompt_randaugment_b20_s2,planned,,
"RQ2, RQ4",classification,CIFAR-100,src/component/configs/splits/cifar100.json,50,scratch,vit_b_16,sd_prompt_randaugment,sd_prompt,1:1,0,stage1-scratch,scratch_vit_b_16_sd_prompt_randaugment_b50_s0,planned,,
"RQ2, RQ4",classification,CIFAR-100,src/component/configs/splits/cifar100.json,50,scratch,vit_b_16,sd_prompt_randaugment,sd_prompt,1:1,1,stage1-scratch,scratch_vit_b_16_sd_prompt_randaugment_b50_s1,planned,,
"RQ2, RQ4",classification,CIFAR-100,src/component/configs/splits/cifar100.json,50,scratch,vit_b_16,sd_prompt_randaugment,sd_prompt,1:1,2,stage1-scratch,scratch_vit_b_16_sd_prompt_randaugment_b50_s2,planned,,
"RQ2, RQ4",classification,CIFAR-100,src/component/configs/splits/cifar100.json,full,scratch,vit_b_16,sd_prompt_randaugment,sd_prompt,1:1,0,stage1-scratch,scratch_vit_b_16_sd_prompt_randaugment_bfull_s0,planned,,
"RQ2, RQ4",classification,CIFAR-100,src/component/configs/splits/cifar100.json,full,scratch,vit_b_16,sd_prompt_randaugment,sd_prompt,1:1,1,stage1-scratch,scratch_vit_b_16_sd_prompt_randaugment_bfull_s1,planned,,
"RQ2, RQ4",classification,CIFAR-100,src/component/configs/splits/cifar100.json,full,scratch,vit_b_16,sd_prompt_randaugment,sd_prompt,1:1,2,stage1-scratch,scratch_vit_b_16_sd_prompt_randaugment_bfull_s2,planned,,
"RQ2, RQ4",classification,CIFAR-100,src/component/configs/splits/cifar100.json,5,scratch,vit_b_16,sd_lora,lora_sd_b5,1:1,0,stage1-scratch,scratch_vit_b_16_sd_lora_b5_s0,done,16.8649,9912.6528
"RQ2, RQ4",classification,CIFAR-100,src/component/configs/splits/cifar100.json,5,scratch,vit_b_16,sd_lora,lora_sd_b5,1:1,1,stage1-scratch,scratch_vit_b_16_sd_lora_b5_s1,done,16.8652,9912.6528
"RQ2, RQ4",classification,CIFAR-100,src/component/configs/splits/cifar100.json,5,scratch,vit_b_16,sd_lora,lora_sd_b5,1:1,2,stage1-scratch,scratch_vit_b_16_sd_lora_b5_s2,done,16.8662,9912.6528
"RQ2, RQ4",classification,CIFAR-100,src/component/configs/splits/cifar100.json,10,scratch,vit_b_16,sd_lora,lora_sd_b10,1:1,0,stage1-scratch,scratch_vit_b_16_sd_lora_b10_s0,done,24.3126,9913.5278
"RQ2, RQ4",classification,CIFAR-100,src/component/configs/splits/cifar100.json,10,scratch,vit_b_16,sd_lora,lora_sd_b10,1:1,1,stage1-scratch,scratch_vit_b_16_sd_lora_b10_s1,done,24.3117,9913.5278
"RQ2, RQ4",classification,CIFAR-100,src/component/configs/splits/cifar100.json,10,scratch,vit_b_16,sd_lora,lora_sd_b10,1:1,2,stage1-scratch,scratch_vit_b_16_sd_lora_b10_s2,done,24.3109,9913.5278
"RQ2, RQ4",classification,CIFAR-100,src/component/configs/splits/cifar100.json,20,scratch,vit_b_16,sd_lora,lora_sd_b20,1:1,0,stage1-scratch,scratch_vit_b_16_sd_lora_b20_s0,done,31.7585,9913.5278
"RQ2, RQ4",classification,CIFAR-100,src/component/configs/splits/cifar100.json,20,scratch,vit_b_16,sd_lora,lora_sd_b20,1:1,1,stage1-scratch,scratch_vit_b_16_sd_lora_b20_s1,done,31.757,9913.5278
"RQ2, RQ4",classification,CIFAR-100,src/component/configs/splits/cifar100.json,20,scratch,vit_b_16,sd_lora,lora_sd_b20,1:1,2,stage1-scratch,scratch_vit_b_16_sd_lora_b20_s2,done,31.7584,9913.5278
"RQ2, RQ4",classification,CIFAR-100,src/component/configs/splits/cifar100.json,50,scratch,vit_b_16,sd_lora,lora_sd_b50,1:1,0,stage1-scratch,scratch_vit_b_16_sd_lora_b50_s0,done,61.5443,9913.5278
"RQ2, RQ4",classification,CIFAR-100,src/component/configs/splits/cifar100.json,50,scratch,vit_b_16,sd_lora,lora_sd_b50,1:1,1,stage1-scratch,scratch_vit_b_16_sd_lora_b50_s1,done,61.5425,9913.5278
"RQ2, RQ4",classification,CIFAR-100,src/component/configs/splits/cifar100.json,50,scratch,vit_b_16,sd_lora,lora_sd_b50,1:1,2,stage1-scratch,scratch_vit_b_16_sd_lora_b50_s2,done,61.5465,9913.5278
"RQ2, RQ4",classification,CIFAR-100,src/component/configs/splits/cifar100.json,full,scratch,vit_b_16,sd_lora,lora_sd_bfull,1:1,0,stage1-scratch,scratch_vit_b_16_sd_lora_bfull_s0,done,374.2106,9914.7778
"RQ2, RQ4",classification,CIFAR-100,src/component/configs/splits/cifar100.json,full,scratch,vit_b_16,sd_lora,lora_sd_bfull,1:1,1,stage1-scratch,scratch_vit_b_16_sd_lora_bfull_s1,done,374.2201,9914.7778
"RQ2, RQ4",classification,CIFAR-100,src/component/configs/splits/cifar100.json,full,scratch,vit_b_16,sd_lora,lora_sd_bfull,1:1,2,stage1-scratch,scratch_vit_b_16_sd_lora_bfull_s2,done,374.2193,9914.7778
