name,pool_sha256,images,per_class,reference,reference_images,fid,fid_sd,fid_real_floor,precision,recall,k,features,measured
sd15_prompt_b5,3e9d6b112c27de637685ed5785003683b71a92ce6b9934e2965569c6f9490ccc,500,5,"CIFAR-100 training pool (non-validation), class-balanced, matched count, seed 0",500,103.0548,1.5369,88.9403,0.76,0.43,3,"clean-fid clean mode, Inception pool3 (2048), PIL bicubic 32 to 299",2026-10-05T18:14:03+00:00
sd15_lora_b5,0a3436e999773ae7efbc8f9854dd701450eb1a70c5f406a316f5d034c5eb3845,500,5,"CIFAR-100 training pool (non-validation), class-balanced, matched count, seed 0",500,104.7762,1.6279,88.9403,0.73,0.502,3,"clean-fid clean mode, Inception pool3 (2048), PIL bicubic 32 to 299",2026-10-05T18:14:33+00:00
sd15_prompt_b10,3e9d6b112c27de637685ed5785003683b71a92ce6b9934e2965569c6f9490ccc,1000,10,"CIFAR-100 training pool (non-validation), class-balanced, matched count, seed 0",1000,71.8723,0.9703,54.296,0.747,0.36,3,"clean-fid clean mode, Inception pool3 (2048), PIL bicubic 32 to 299",2026-10-05T18:15:07+00:00
sd15_lora_b10,a35113d8963d6117e3a83274029010f2c8659819869e2f659a86fe126cde4ab0,1000,10,"CIFAR-100 training pool (non-validation), class-balanced, matched count, seed 0",1000,71.1644,0.4562,54.296,0.737,0.415,3,"clean-fid clean mode, Inception pool3 (2048), PIL bicubic 32 to 299",2026-10-05T18:15:42+00:00
sd15_prompt_b20,3e9d6b112c27de637685ed5785003683b71a92ce6b9934e2965569c6f9490ccc,2000,20,"CIFAR-100 training pool (non-validation), class-balanced, matched count, seed 0",2000,48.601,0.7215,29.5276,0.7235,0.334,3,"clean-fid clean mode, Inception pool3 (2048), PIL bicubic 32 to 299",2026-10-05T18:16:28+00:00
sd15_lora_b20,bac002d1a1b26f9e3d75e946c7a9239f5a8d0265fc94cb5d1b77e0ff39fbe603,2000,20,"CIFAR-100 training pool (non-validation), class-balanced, matched count, seed 0",2000,45.5028,0.5569,29.5276,0.7055,0.4005,3,"clean-fid clean mode, Inception pool3 (2048), PIL bicubic 32 to 299",2026-10-05T18:17:14+00:00
sd15_prompt_b50,3e9d6b112c27de637685ed5785003683b71a92ce6b9934e2965569c6f9490ccc,5000,50,"CIFAR-100 training pool (non-validation), class-balanced, matched count, seed 0",5000,34.2495,0.197,11.9083,0.7164,0.288,3,"clean-fid clean mode, Inception pool3 (2048), PIL bicubic 32 to 299",2026-10-05T18:18:35+00:00
sd15_lora_b50,67b2144d756ee87ec521cd8d1bd2dac1aee5904c4a6b864f7ff6c8dddd0b86d5,5000,50,"CIFAR-100 training pool (non-validation), class-balanced, matched count, seed 0",5000,30.1751,0.2216,11.9083,0.6524,0.367,3,"clean-fid clean mode, Inception pool3 (2048), PIL bicubic 32 to 299",2026-10-05T18:19:55+00:00
sd15_prompt_bfull,3e9d6b112c27de637685ed5785003683b71a92ce6b9934e2965569c6f9490ccc,45000,450,"CIFAR-100 training pool (non-validation), class-balanced, matched count, seed 0",45000,24.6648,0.0813,,0.6574,0.2261,3,"clean-fid clean mode, Inception pool3 (2048), PIL bicubic 32 to 299",2026-10-05T18:29:47+00:00
sd15_lora_bfull,09f9528a26c3b812fdb7d7632942cd60a268efc16bcdc946c1231071d9f64f39,45000,450,"CIFAR-100 training pool (non-validation), class-balanced, matched count, seed 0",45000,21.1535,0.0992,,0.643,0.2854,3,"clean-fid clean mode, Inception pool3 (2048), PIL bicubic 32 to 299",2026-10-05T18:39:38+00:00
