init,model,budget,condition,n,seeds,mean,sd
pretrained,resnet50,5,sd_lora,3,0 1 2,45.2,0.3606
pretrained,resnet50,5,sd_prompt,3,0 1 2,46.78,0.1908
pretrained,resnet50,10,sd_lora,3,0 1 2,55.44,0.3219
pretrained,resnet50,10,sd_prompt,3,0 1 2,57.0267,0.9496
pretrained,resnet50,20,sd_lora,3,0 1 2,64.64,0.5546
pretrained,resnet50,20,sd_prompt,3,0 1 2,65.4933,0.223
pretrained,resnet50,50,sd_lora,3,0 1 2,72.2933,0.6601
pretrained,resnet50,50,sd_prompt,3,0 1 2,73.5,0.2307
pretrained,resnet50,full,sd_lora,3,0 1 2,84.0867,0.4163
pretrained,resnet50,full,sd_prompt,3,0 1 2,84.4,0.2771
pretrained,vit_b_16,5,sd_lora,3,0 1 2,58.5733,1.0715
pretrained,vit_b_16,5,sd_prompt,3,0 1 2,61.3533,2.1358
pretrained,vit_b_16,10,sd_lora,3,0 1 2,68.2267,1.6171
pretrained,vit_b_16,10,sd_prompt,3,0 1 2,70.76,1.2244
pretrained,vit_b_16,20,sd_lora,3,0 1 2,74.54,0.3747
pretrained,vit_b_16,20,sd_prompt,3,0 1 2,75.9933,0.9603
pretrained,vit_b_16,50,sd_lora,3,0 1 2,80.2467,0.5281
pretrained,vit_b_16,50,sd_prompt,3,0 1 2,81.0867,0.6185
pretrained,vit_b_16,full,sd_lora,3,0 1 2,88.1267,0.0643
pretrained,vit_b_16,full,sd_prompt,3,0 1 2,88.64,0.26
