treatment,control,init,model,budget,seeds,changes,mean,sd,verdict
sd_lora,real_only,pretrained,resnet50,5,0 1 2,9.44 10.72 9.92,10.0267,0.6466,gain
sd_lora,real_only,pretrained,resnet50,10,0 1 2,5.94 6.92 4.94,5.9333,0.99,gain
sd_lora,real_only,pretrained,resnet50,20,0 1 2,4.54 6.14 4.8,5.16,0.8586,gain
sd_lora,real_only,pretrained,resnet50,50,0 1 2,-0.16 1.2 1.76,0.9333,0.9874,inconclusive
sd_lora,real_only,pretrained,resnet50,full,0 1 2,0.0 -0.72 0.46,-0.0867,0.5948,inconclusive
sd_lora,real_only,pretrained,vit_b_16,5,0 1 2,12.26 12.1 10.56,11.64,0.9387,gain
sd_lora,real_only,pretrained,vit_b_16,10,0 1 2,6.08 8.86 6.5,7.1467,1.4986,gain
sd_lora,real_only,pretrained,vit_b_16,20,0 1 2,3.06 2.76 1.64,2.4867,0.7484,gain
sd_lora,real_only,pretrained,vit_b_16,50,0 1 2,-0.54 0.64 -0.22,-0.04,0.6102,inconclusive
sd_lora,real_only,pretrained,vit_b_16,full,0 1 2,-0.52 -0.56 -0.46,-0.5133,0.0503,loss
